Prefix|Country|CQ-zone|ITU-zone
1A|Sov. Mil. Order of Malta|15|28
1B|Northern Cyprus|20|39
1M|Minerva Reef|32|62
1S|Spratly Isl.|26|50
2A|England|14|27
2B|England|14|27
2C|England|14|27
2D|Isle of Man|27|14
2E|England|14|27
2F|England|14|27
2G|England|14|27
2H|England|14|27
2I|Northern Ireland|14|27
2K|England|14|27
2L|England|14|27
2M|Scotland|14|27
2N|England|14|27
2O|England|14|27
2P|England|14|27
2Q|England|14|27
2R|England|14|27
2S|England|14|27
2T|England|14|27
2U|Guernsey|14|27
2V|England|14|27
2X|England|14|27
2Y|England|14|27
2Z|England|14|27
3A|Monaco|14|27
3B|Mauritius|39|53
3B6|Agalega & St. Brandon|39|53
3B7|Agalega & St. Brandon|39|53
3B8|Mauritius|39|53
3B9|Rodrigues Isl.|39|53
3C|Equatorial Guinea|36|47
3C0|Annobon Isl.|36|52
3D2|Fiji Isl.|32|56
3D2C|Conway Reef|32|56
3D2R|Rotuma Isl.|32|56
3DA0|Swaziland|38|57
3DA|Swaziland|38|57
3DB|Swaziland|38|57
3DC|Swaziland|38|57
3DD|Swaziland|38|57
3DE|Swaziland|38|57
3DF|Swaziland|38|57
3DG|Swaziland|38|57
3DH|Swaziland|38|57
3DI|Swaziland|38|57
3DJ|Swaziland|38|57
3DK|Swaziland|38|57
3DL|Swaziland|38|57
3DM|Swaziland|38|57
3E|Panama|07|11
3F|Panama|07|11
3G|Chile|12|14
3H|China|24|33
3I|China|24|33
3J|China|24|33
3K|China|24|33
3L|China|24|33
3M|China|24|33
3N|China|24|33
3O|China|24|33
3P|China|24|33
3Q|China|24|33
3R|China|24|33
3S|China|24|33
3T|China|24|33
3U|China|24|33
3V|Tunisia|33|37
3W|Vietnam|26|49
3X|Guinea|35|46
3Y5|Bouvet|38|67
3Y0|Peter 1 Isl.|12|72
3Z|Poland|15|28
4A|Mexico|06|10
4B|Mexico|06|10
4C|Mexico|06|10
4D|Philippines|27|50
4E|Philippines|27|50
4F|Philippines|27|50
4G|Philippines|27|50
4H|Philippines|27|50
4I|Philippines|27|50
4J|Azerbaidjan|21|29
4G1|Maly Vysotsky Isl.|16|29
4K|Azerbaidjan|21|29
4K1|South Shetland Isl.|13|73
4L|Georgia|21|29
4M|Venezuela|09|12
4N|Serbia|15|28
4N5|Macedonia|15|28
4O|Montenegro|15|28
4P|Srilanka|22|41
4q|Srilanka|22|41
4R|Srilanka|22|41
4S|Srilanka|22|41
4P|Peru|10|12
4U|ITU Geneva|14|28
4U1ITU|ITU Geneva|14|28
4U1UN|United Nations|05|08
4V|Haiti|8|11
4W|Timor Leste|28|54
4X|Israel|20|39
4X1|Israel|20|39
4Z|Israel|20|39
5A|Libya|34|38
5B|Cyprus|20|39
5C|Morocco|33|37
5D|Morocco|33|37
5E|Morocco|33|37
5F|Morocco|33|37
5G|Morocco|33|37
5H|Tanzania|37|53
5H1|Zanzibar|37|53
5I|Tanzania|37|53
5j|Colombia|09|12
5K|Colombia|09|12
5L|Liberia|35|46
5M|Liberia|35|46
5N|Nigeria|35|46
5O|Nigeria|35|46
5R|Madagascar|39|53
5S|Madagascar|39|53
5T|Mauritania|35|46
5U|Niger|35|46
5V|Togo|35|46
5W|Samoa|32|62
5X|Uganda|37|48
5Y|Kenya|37|48
5Z|Kenya|37|48
6A|Egypt|34|38
6B|Egypt|34|38
6C|Syria|20|39
6D|Mexico|6|10
6E|Mexico|6|10
6F|Mexico|6|10
6G|Mexico|6|10
6H|Mexico|6|10
6I|Mexico|6|10
6J|Mexico|6|10
6K|South Korea|25|44
6L|South Korea|25|44
6M|South Korea|25|44
6N|South Korea|25|44
6O|Somalia|37|48
6P|Pakistan|21|41
6Q|Pakistan|21|41
6R|Pakistan|21|41
6S|Pakistan|21|41
6T|Sudan|34|48
6U|Sudan|34|48
6V|Senegal|35|46
6W|Senegal|35|46
6X|Madagascar|39|53
6Y|Jamaica|08|11
6Z|Liberia|35|46
7A|Indonesia|28|51
7B|Indonesia|28|51
7C|Indonesia|28|51
7D|Indonesia|28|51
7E|Indonesia|28|51
7F|Indonesia|28|51
7G|Indonesia|28|51
7H|Indonesia|28|51
7I|Indonesia|28|51
7J|Japan|25|45
7J1|Okino Tori-shima|27|45
7K|Japan|25|45
7L|Japan|25|45
7M|Japan|25|45
7N|Japan|25|45
7O|Yemen|21|39
7P|Lesotho|37|53
7Q|Malawi|37|53
7T|Algeria|33|37 
7U|Algeria|33|37 
7V|Algeria|33|37 
7W|Algeria|33|37 
7X|Algeria|33|37 
7Y|Algeria|33|37
7Z|Saudi Arabia|21|39
8A|Indonesia|28|51
8B|Indonesia|28|51
8C|Indonesia|28|51
8D|Indonesia|28|51
8E|Indonesia|28|51
8F|Indonesia|28|51
8G|Indonesia|28|51
8H|Indonesia|28|51
8I|Indonesia|28|51
8J|Japan|25|45
8K|Japan|25|45
8L|Japan|25|45
8M|Japan|25|45
8N|Japan|25|45
8O|Botswana|38|57
8P|Barbados|08|11
8Q|Maldives|22|41
8R|Guyana|09|12
8T|India|22|41
8U|India|22|41
8V|India|22|41
8W|India|22|41
8X|India|22|41
8Y|India|22|41
8Z|Saudi Arabia|21|39
8Z4|Saudi Arabia/iraq Neut. Zone|21|39
8Z5|Saudi/kuwait N.z.|21|39
9A|Croatia|15|28
9B|Iran|21|40
9C|Iran|21|40
9D|Iran|21|40
9E|Ethiopia|37|48
9F|Ethiopia|37|48
9G|Ghana|35|46
9H|Malta|15|28
9I|Zambia|36|53
9J|Zambia|36|53
9K|Kuwait|21|39
9K3|Saudi/kuwait N.z.|21|39
9L|Sierra Leone|35|46
9M|West Malaysia|28|54
9M0|Spratly Isl.|26|50
9M2|West Malaysia|28|54
9M4|West Malaysia|28|54
9M6|East Malaysia|28|54
9M8|East Malaysia|28|54
9N|Nepal|22|42
9O|Congo|36|52
9P|Congo|36|52
9Q|Congo|36|52
9R|Congo|36|52
9S|Congo|36|52
9S4|Saar|14|28
9T|Congo|36|52
9U|Burundi|36|52
9U5|Ruanda-urundi|36|52
9V|Singapore|28|54
9W|West Malaysia|28|54
9X|Rwanda|36|52
9Y|Trinidad & Tobago|09|11
9Z|Trinidad & Tobago|09|11
A2|Botswana|38|57
A3|Tonga Isl.|32|62
A4|Oman & Muscat|21|39
A5|Bhutan|22|41
A6|United Arab Emirates|21|39
A7|Qatar|21|39
A8|Liberia|35|46
A9|Bahrain|21|39
AA|USA|03-05|06-08
AB|USA|03-05|06-08
AC|USA|03-05|06-08
AC3|Sikkim|22|41
AC4|Tibet|23|41
AD|USA|03-05|06-08
AE|USA|03-05|06-08
AF|USA|03-05|06-08
AG|USA|03-05|06-08
AH|USA|03-05|06-08
AH8S|Swains Isl.|32|62
AI|USA|03-05|06-08
AJ|USA|03-05|06-08
AK|USA|03-05|06-08
AL|Alaska|01|01-02
AP|Pakistan|21|41
AQ|Pakistan|21|41
AR|Pakistan|21|41
AS|Pakistan|21|41
AT|India|22|41
AU|India|22|41
AV|India|22|41 
AW|India|22|41
AY|Argentina|13|14
AZ|Argentina|13|14
B0|China|24|33
B1|China|24|33
B2|China|24|33
B3|China|24|33
B4|China|24|33
B5|China|24|33
B6|China|24|33
B7|China|24|33
B8|China|24|33
B9|China|24|33
BA|China|24|33
BB|China|24|33
BC|China|24|33
BD|China|24|33
BE|China|24|33
BF|China|24|33
BG|China|24|33
BH|China|24|33
BI|China|24|33
BJ|China|24|33
BK|China|24|33
BL|China|24|33
BQ9|Pratas Isl.|24|44
BR|China|24|33
BS|China|24|33
BS7|Scarborough Reef|27|50
BT|China|24|33
BU|Taiwan|24|44
BV|Taiwan|24|44
BV9|Pratas Island|24|44
BW|China|24|33
BY|China|24|33
BX|Taiwan|24|44
BZ|China|24|33
C2| Nauru|31|65
C3|Andorra|14|27
C4|Cyprus|20|39
C5|Gambia|35|46
C6|Bahamas|08|11
C8|Mozambique|37|53
C9|Mozambique|37|53
C9|Manchuria|24|33
CA|Chili|12|14-16
Cb|Chili|12|14-16
Cc|Chili|12|14-16
CD|Chili|12|14-16
CE|Chili|12|14-16
CE9|Antarctica|39|67
CE9|South Shetland Isl.|13|73
CE0|Easter Island|12|63
CE0|San Felix Isl.|12|14
CE0|Juan Fernandez Isl.|12|14
CF|Canada|01-05|02-09
CG|Canada|01-05|02-09
CH|Canada|01-05|02-09
CI|Canada|01-05|02-09
CJ|Canada|01-05|02-09
CK|Canada|01-05|02-09
CL|Cuba|08|11
CM|Cuba|08|11
CN|Morocco33|37
CN2|Tangier|33|37
CO|Cuba|08|11
CP|Bolivia|10|12-14
CR8|Damao| Dui|22|41
CR8|Goa|22|41
CR8|Portuguese Timor|28|54
CT|Portugal|14|37
CT3|Madeira Island|33|36
CU|Azores Island|14|36
CV|Uruguay|13|14
CW|Uruguay|13|14
CX|Uruguay|13|14
CY|Canada|01-05|02-09
CY0|Sable Island|05|09
CY9|St Paul Island|05|09
CZ|Canada|01-05|02-09
D2|Angola|36|52 
D3|Angola|36|52
D4|Cape Verde|35|46
D5|Liberia|35|46
D6|Comoros|39|53
D7|South Korea|25|44
D8|South Korea|25|44
D9|South Korea|25|44
DA|Germany|14|28
DB|Germany|14|28
DC|Germany|14|28
DD|Germany|14|28
DE|Germany|14|28
DF|Germany|14|28
DG|Germany|14|28
DH|Germany|14|28
DI|Germany|14|28
DJ|Germany|14|28
DK|Germany|14|28
DL|Germany|14|28
DM|Germany|14|28
DN|Germany|14|28
DO|Germany|14|28
DP|Germany|14|28
DQ|Germany|14|28
DR|Germany|14|28
DS|South Korea|25|44
DT|South Korea|25|44
DU|Philippines|27|50
DV|Philippines|27|50
DW|Philippines|27|50
DX|Philippines|27|50
DY|Philippines|27|50
DZ|Philippines|27|50
E2|Thailand|26|49
E3|Erythrea|37|48
E4|Palestine|20|39
E5|Cook Isl.|32|62
E6|NiUE|32|62
E7|Bosnia-Herzegovina|15|28
EA1|Spain|14|37
EA2|Spain|14|37
EA3|Spain|14|37
EA4|Spain|14|37
EA5|Spain|14|37
EA6|Balearic Isl.|14|37
EA7|Balearic Isl.|14|37
EA8|Canary Isl.|33|36
EA9|Ceuta & Melilla|33|37
EA9|Ifni|33|37
EA0|Spain|14|37
EB1|Spain|14|37
EB2|Spain|14|37
EB3|Spain|14|37
EB4|Spain|14|37
EB5|Spain|14|37
EB6|Balearic Isl.|14|37
EB7|Balearic Isl.|14|37
EB8|Canary Isl.|33|36
EB9|Ceuta & Melilla|33|37
EB0|Spain|14|37
EC1|Spain|14|37
EC2|Spain|14|37
EC3|Spain|14|37
EC4|Spain|14|37
EC5|Spain|14|37
EC6|Balearic Isl.|14|37
EC7|Balearic Isl.|14|37
EC8|Canary Isl.|33|36
EC9|Ceuta & Melilla|33|37
EC0|Spain|14|37
ED1|Spain|14|37
ED2|Spain|14|37
ED3|Spain|14|37
ED4|Spain|14|37
ED5|Spain|14|37
ED6|Balearic Isl.|14|37
ED7|Balearic Isl.|14|37
ED8|Canary Isl.|33|36
ED9|Ceuta & Melilla|33|37
ED0|Spain|14|37
EE1|Spain|14|37
EE2|Spain|14|37
EE3|Spain|14|37
EE4|Spain|14|37
EE5|Spain|14|37
EE6|Balearic Isl.|14|37
EE7|Balearic Isl.|14|37
EE8|Canary Isl.|33|36
EE9|Ceuta & Melilla|33|37
EE0|Spain|14|37
EF1|Spain|14|37
EF2|Spain|14|37
EF3|Spain|14|37
EF4|Spain|14|37
EF5|Spain|14|37
EF6|Balearic Isl.|14|37
EF7|Balearic Isl.|14|37
EF8|Canary Isl.|33|36
EF9|Ceuta & Melilla|33|37
EF0|Spain|14|37
EG1|Spain|14|37
EG2|Spain|14|37
EG3|Spain|14|37
EG4|Spain|14|37
EG5|Spain|14|37
EG6|Balearic Isl.|14|37
EG7|Balearic Isl.|14|37
EG8|Canary Isl.|33|36
EG9|Ceuta & Melilla|33|37
EG0|Spain|14|37
EH1|Spain|14|37
EH2|Spain|14|37
EH3|Spain|14|37
EH4|Spain|14|37
EH5|Spain|14|37
EH6|Balearic Isl.|14|37
EH7|Balearic Isl.|14|37
EH8|Canary Isl.|33|36
EH9|Ceuta & Melilla|33|37
EH0|Spain|14|37
EI|Ireland|14|27
EJ|Ireland|14|27
EK|Armenia|21|29
EL|Liberia|35|46
EM|Ukraine|16|29
EN|Ukraine|16|29
EO|Ukraine|16|29
EP|Iran|21|40
EQ|Iran|21|40
ER|Moldova|16|29
ES|Estonia|15|29
ET|Ethiopia|37|48
EU|Belarus|16|29
EV|Belarus|16|29 
EW|Belarus|16|29 
EX|Kyrgystan|17|30-31
EY|Tajikistan|17|30
EZ|Turkmenistan|17|30
F1|France|14|27
F2|France|14|27
F3|France|14|27
F4|France|14|27
F5|France|14|27
F6|France|14|27
F7|France|14|27
F8|France|14|27
F9|France|14|27
F0|France|14|27
FA|France|14|27
FB|France|14|27
FB8|Comoros (fb8)|39|53
FC|France|14|27
FD|France|14|27
FE|France|14|27
FF|French West Africa|35|46
FG|Guadeloupe|08|11
FH|Comoros (fb8)|39|53
FH|Mayotte|39|53
FI|France|14|27
FI8|French Indo-china|26|49
FJ|Saint Barthelemy|08|11
FK|New Caledonia|32|56
FL|France|14|27
FM|Martinique|08|11
FN|France|14|27
FN8|French India|22|41
FO|French Polynesia|32|63
FO|Austral Isl.|32|63
FO0|Clipperton Isl.|07|10
FO0|Marquesas Isl.|31|63
FP|St Pierre & Miquelon|05|09
FQ|France|14|27
FQ8|French Eq. Africa|36|47
FR|Reunion|39|53
FR/E|Juan de Nova|39|53
FR/G|Glorioso Isl.|39|53
FR/J|Juan de Nova|39|53
FR/T|Tromelin|39|53
FT|France|14|27
FT5W|Crozet|39|68
FT5X|Kerguelen|39|68
FT5Z|Amsterdam & St Paul|39|68
FU|France|14|27
FV|France|14|27
FW|Wallis & Futuna Isl.|32|62
FX|France|14|27
FY|French Guiana|09|12
FZ|France|14|27
G1|England|14|27
G2|England|14|27
G3|England|14|27
G4|England|14|27
G5|England|14|27
G6|England|14|27
G7|England|14|27
G8|England|14|27
G9|England|14|27
G0|England|14|27
GA|England|14|27
GB|England|14|27
GC|Wales|14|27
GD|Isle of Man|14 27
GE|England|14|27
GF|England|14|27
GG|England|14|27
GH|Jersey|14|27
GI|Northern Ireland|14|27 
GJ|Jersey|14|27
GK|England|14|27
GL|England|14|27
GM|Scotland|14|27
GN|Northern Ireland|14|27
GO|England|14|27
GP|Guernsey|14|27
GQ|England|14|27
GR|England|14|27
GS|Scotland|14|27
GT|Isle of Man|14|27
GU|Guernsey & Dep.|14|27
GV|England|14|27
GW|Wales|14|27
GX|England|14|27
GY|England|14|27
GZ|Scotland|14|27
H2|Cyprus|20|39
H3|Panama|07|11
H4|Solomon Isl.|28|51
H40|Temotu Province|32|51
H5|South Africa|38|57
H6|Nicaragua|07|11
H7|Nicaragua|07|11
H8|Panama|07|11
H9|Panama|07|11
HA|Hungary|15|28
HB|Switzerland|14|28
HB0|Liechtenstein|14|28
HC|Ecuador|10|12
HC8|Galapagos|10|12
HD|Ecuador|10|12
HD8|Galapagos|10|12
HF|Poland|15|28
HF8|South Shetland Isl.|13|73
HG|Hungary|15|28
HH|Haiti|08|11
HI|Dominican Rep.|08|11
HJ|Colombia|09|12
HK|Colombia|09|12
HK0|Bajo Nuevo|08|11
HK0|Malpelo Isl.|09|12
HK0S|San Andres & Providencia|07|11
HK0|Serrana Bank & Roncador Cay|07|11
HL|South Korea|25|44
HM|DPR of Korea|25|44
HN|Iraq|21|39
HO|Panama|07|11
HP|Panama|07|11
HQ|Honduras|07|11
HR|Honduras|07|11
HS|Thailand|26|49
HT|Nicaragua|07|11
HV|Vatican|15|28
HW|France|14|27
HX|France|14|27
HY|France|14|27
HZ|Saudi Arabia|21|39
I1|Italy|15|33
I2|Italy|15|33
I3|Italy|15|33
I4|Italy|15|33
I5|Italian Somaliland|37|48
I6|Italy|15|33
I7|Italy|15|33
I8|Italy|15|33
I9|Italy|15|33
I0|Italy|15|33
IA|Italy|15|33
IB|Italy|15|33
IC|Italy|15|33
ID|Italy|15|33
IE|Italy|15|33
IF|Italy|15|33
IG|Italy|15|33
IH|Italy|15|33
II|Italy|15|33
IJ|Italy|15|33
IK|Italy|15|33
IL|Italy|15|33
IM0|Sardinia|15|28
IN|Italy|15|33
IO|Italy|15|33
IP|Italy|15|33
IQ|Italy|15|33
IR|Italy|15|33
IS0|Sardinia|15|28
IT|Italy|15|33
IU|Italy|15|33
IV|Italy|15|33
IW|Italy|15|33
IX|Italy|15|33
IY|Italy|15|33
IZ|Italy|15|33
J2|Djibouti|37|48
J3|Grenada|08|11
J4|Greece|20|28
J45|Dodecanese| 20 28
J49|Crete|20|28
J5|Guinea Bissau|35|46
J6|St. Lucia|08|11
J7|Dominica|08|11
J8|St. Vincent|08|11
JA|Japan|25|45
JB|Japan|25|45
JC|Japan|25|45
JD|Japan|25|45
JD1M|Minami Torishima|27|90
JD1O|Ogasawara|27|45
JE|Japan|25|45
JF|Japan|25|45
JG|Japan|25|45
JH|Japan|25|45
JI|Japan|25|45
JJ|Japan|25|45
JK|Japan|25|45
JL|Japan|25|45
JM|Japan|25|45
JN|Japan|25|45
JO|Japan|25|45
JP|Japan|25|45
JQ|Japan|25|45
JR|Japan|25|45
JR6|Okinawa|25|45
JS|Japan|25|45
JT|Mongolia|23|32
JU|Mongolia|23|32
JV|Mongolia|23|32
JW|Svalbard Isl.|40 18
JX|Jan Mayen Isl.|40|18
JY|Jordan|20|39
JZ|Indonesia|28|51
JZ0|Netherlands N. Guinea|28|51
K1|USA|03-05|06-08
K2|USA|03-05|06-08
K3|USA|03-05|06-08
K4|USA|03-05|06-08
K5|USA|03-05|06-08
K6|USA|03-05|06-08
K7|USA|03-05|06-08
K8|USA|03-05|06-08
K9|USA|03-05|06-08
K0|USA|03-05|06-08
KA|USA|03-05|06-08
KB|USA|03-05|06-08
KC4Antarctica|12-13|7
KC6|West Caroline Isl. Belau|27|64
KG4|Guantanamo Bay|08|11
KH0|Mariana I.|27|64
KH1|Baker & Howland Isl.|31|61
KH2|Guam|27|64
KH3|Johnston Isl.|31|61
KH4|Midway Isl.|31|61
KH5|Palmyra & Jarvis Isl.|31|61-62
KH5K|Kingman Reef|31|61
KH6|Hawaii|31|61
KH7|Hawaii|31|61
KH7K|Kure Isl.|31|61
KH8|American Samoa|32|62
KH8|Swains I.|32|62
KH9|Wake Isl.|31|65
KL|Alaska|01|01-02
KP1|Navassa I.|08|11
KP2|Virgin Isl.|08|11
KP3|Puerto Rico|08|11
KP3|Serrana Bank & Roncador Cay|07|11
KP4|Puerto Rico|08|11
KP5|Desecheo Isl.|08|11
KR6|Okinawa|25|45
KR8|Okinawa|25|45
KS4|Serrana Bank & Roncador Cay|07|11
KS4|Swan Isl.|07|11
KZ5|Canal Zone|07|11
L1|Argentina|13|14-16
L2|Argentina|13|14-16
L3|Argentina|13|14-16
L4|Argentina|13|14-16
L5|Argentina|13|14-16
L6|Argentina|13|14-16
L7|Argentina|13|14-16
L8|Argentina|13|14-16
L9|Argentina|13|14-16
L0|Argentina|13|14-16
LA|Norway|14|18
LB|Norway|14|18
LC|Norway|14|18
LD|Norway|14|18
LE|Norway|14|18
LF|Norway|14|18
LG|Norway|14|18
LH|Norway|14|18
LI|Norway|14|18
LJ|Norway|14|18
LK|Norway|14|18
LL|Norway|14|18
LM|Norway|14|18
LN|Norway|14|18
LO|Argentina|13|14-16
LP|Argentina|13|14-16
LQ|Argentina|13|14-16
LR|Argentina|13|14-16
LS|Argentina|13|14-16
LT|Argentina|13|14-16
LU|Argentina|13|14-16
LV|Argentina|13|14-16
LW|Argentina|13|14-16
LX|Luxembourg|14|27
LY|Lithuania|15|29
LZ|Bulgaria|20|28
M1|England|14|27
M2|England|14|27
M3|England|14|27
M4|England|14|27
M5|England|14|27
M6|England|14|27
M7|England|14|27
M8|England|14|27
M9|England|14|27
M0|England|14|27
MA|England|14|27
MB|England|14|27
MD|Isle of Man|14 27
ME|England|14|27
MF|England|14|27
MG|England|14|27
MH|Jersey|14|27
MI|Northern Ireland|14|27
MJ|Jersey|14|27
MK|England|14|27
ML|England|14|27
MM|Scotland|14|27
MN|Northern Ireland|14|27
MO|England|14|27
MP|Guernsey|14|27
MQ|England|14|27
MR|England|14|27
MS|Scotland|14|27
MT|Isle of Man|14|27
MU|Guernsey & Dep.|14|27
MV|England|14|27
MW|Wales|14|27
MX|England|14|27
MY|England|14|27
MZ|Scotland|14|27
N1|USA|03-05|06-08
N2|USA|03-05|06-08
N3|USA|03-05|06-08
N4|USA|03-05|06-08
N5|USA|03-05|06-08
N6|USA|03-05|06-08
N7|USA|03-05|06-08
N8|USA|03-05|06-08
N9|USA|03-05|06-08
N0|USA|03-05|06-08
NA|USA|03-05|06-08
NB|USA|03-05|06-08
NC|USA|03-05|06-08
ND|USA|03-05|06-08
NE|USA|03-05|06-08
NF|USA|03-05|06-08
NG|USA|03-05|06-08
NH8S|Swains Isl.|32|62
NI|USA|03-05|06-08
NJ|USA|03-05|06-08
NK|USA|03-05|06-08
NL|Alaska|01|01-02
NM|USA|03-05|06-08
NO|USA|03-05|06-08
NP1|Navassa Isl.|08|11
NQ|USA|03-05|06-08
NR|USA|03-05|06-08
NS|USA|03-05|06-08
NT|USA|03-05|06-08
NU|USA|03-05|06-08
NV|USA|03-05|06-08
NW|USA|03-05|06-08
NX|USA|03-05|06-08
NY|USA|03-05|06-08
NZ|USA|03-05|06-08
OA|Peru|10|12
OB|Peru|10|12
OC|Peru|10|12
OD|Lebanon|20|39
OE|Austria|15|28
OF|Finland|15|18
OG|Finland|15|18
OH|Finland|15|18
OH0|Aland Isl.15|18
OH0M|Market Reef|15|18
OI|Finland|15|18
OH0|Aland Isl.|15|18
OJ0|Market Reef|15|18
OK|Czech Republic|15|28
OL|Czech Republic|15|28
OM|Slovak Republic|15|28
ON|Belgium|14|27
OO|Belgium|14|27
OP|Belgium|14|27
OQ|Belgium|14|27
OR|Belgium|14|27
OS|Belgium|14|27
OT|Belgium|14|27
OU|Denmark|14|28
OV|Denmark|14|28
OW|Denmark|14|28
OX|Greenland|40|05-75
OY|Faroe Isl.|14|18
OZ|Denmark|14|28
P2|Papua New Guinea|28|51
P3|Cyprus|20|39
P4|Aruba|09|11
P5|North Korea|25|44
P6|North Korea|25|44
P7|North Korea|25|44
P8|North Korea|25|44
P9|North Korea|25|44
PA|Netherlands|14|27
PB|Netherlands|14|27
PC|Netherlands|14|27
PD|Netherlands|14|27
PE|Netherlands|14|27
PF|Netherlands|14|27
PG|Netherlands|14|27
PH|Netherlands|14|27
PI|Netherlands|14|27
PJ2|Curacao|09|11
PJ4|Bonaire|09|11
PJ5|Saba, St Eustatius|08|11
PJ6|Saba, St Eustatius|08|11
PJ7|St. Maarten|08|11
PJ8|St. Maarten|08|11
PJ9|Bonaire, Curacao|09|11
PK|Indonesia|28|51
PK1|Java|28|54
PK2|Java|28|54
PK3|Java|28|54
PK4|Sumatra|28|54
PK5|Netherlands Borneo|28|54
PK6|Celebe/molucca Isl.|28|54
PL|Indonesia|28|51
PM|Indonesia|28|51
PN|Indonesia|28|51
PO|Indonesia|28|51
PP|Brazil|11|12-15
PP0|Fernando de Noronha|11|13
PP0S|St Peter & St Paul Rks|11|13
PP0T|Trindade & Martim Vaz Isl.|11|15
PQ|Brazil|11|12-15
PR|Brazil|11|12-15
PS|Brazil|11|12-15
PT|Brazil|11|12-15
PU|Brazil|11|12-15
PV|Brazil|11|12-15
PV8|South Sandwich Isl.|13|73
PW|Brazil|11|12-15
PX|Brazil|11|12-15
PY|Brazil|11|12-15
PY0F|Fernando de Noronha|11|13
PY0S|St. Peter & St Paul's Rocks|11|13
PY0T|Trindade & Martim Vaz. Isl.|11|15
PZ|Surinam|09|12
R1FJ|Franz Josef Land|40|75
R1MV|Malyj Vysotskij Isl.|16|29
R2|Europian Russia|16|19-29-30
R3|Europian Russia|16|19-29-30
R4|Europian Russia|16|19-29-30
R5|Europian Russia|16|19-29-30
R6|Europian Russia|16|19-29-30
R7|Europian Russia|16|19-29-30
R8|Asiatic Russia|16-19|21-27-30-33
R9|Asiatic Russia|16-19|21-27-30-33
R0|Asiatic Russia|16-19|21-27-30-33
RA1|Europian Russia|16|19-29-30
RA2|Europian Russia|16|19-29-30
RA3|Europian Russia|16|19-29-30
RA4|Europian Russia|16|19-29-30
RA5|Europian Russia|16|19-29-30
RA6|Europian Russia|16|19-29-30
RA7|Europian Russia|16|19-29-30
RA8|Asiatic Russia|16-19|21-27-30-33
RA9|Asiatic Russia|16-19|21-27-30-33
RA0|Asiatic Russia|16-19|21-27-30-33
RB1|Europian Russia|16|19-29-30
RB2|Europian Russia|16|19-29-30
RB3|Europian Russia|16|19-29-30
RB4|Europian Russia|16|19-29-30
RB5|Europian Russia|16|19-29-30
RB6|Europian Russia|16|19-29-30
RB7|Europian Russia|16|19-29-30
RB8|Asiatic Russia|16-19|21-27-30-33
RB9|Asiatic Russia|16-19|21-27-30-33
RB0|Asiatic Russia|16-19|21-27-30-33
RC1|Europian Russia|16|19-29-30
RC2|Europian Russia|16|19-29-30
RC3|Europian Russia|16|19-29-30
RC4|Europian Russia|16|19-29-30
RC5|Europian Russia|16|19-29-30
RC6|Europian Russia|16|19-29-30
RC7|Europian Russia|16|19-29-30
RC8|Asiatic Russia|16-19|21-27-30-33
RC9|Asiatic Russia|16-19|21-27-30-33
RC0|Asiatic Russia|16-19|21-27-30-33
RD1|Europian Russia|16|19-29-30
RD2|Europian Russia|16|19-29-30
RD3|Europian Russia|16|19-29-30
RD4|Europian Russia|16|19-29-30
RD5|Europian Russia|16|19-29-30
RD6|Europian Russia|16|19-29-30
RD7|Europian Russia|16|19-29-30
RD8|Asiatic Russia|16-19|21-27-30-33
RD9|Asiatic Russia|16-19|21-27-30-33
RD0|Asiatic Russia|16-19|21-27-30-33
RE1|Europian Russia|16|19-29-30
RE2|Europian Russia|16|19-29-30
RE3|Europian Russia|16|19-29-30
RE4|Europian Russia|16|19-29-30
RE5|Europian Russia|16|19-29-30
RE6|Europian Russia|16|19-29-30
RE7|Europian Russia|16|19-29-30
RE8|Asiatic Russia|16-19|21-27-30-33
RE9|Asiatic Russia|16-19|21-27-30-33
RE0|Asiatic Russia|16-19|21-27-30-33
RF1|Europian Russia|16|19-29-30
RF2|Europian Russia|16|19-29-30
RF3|Europian Russia|16|19-29-30
RF4|Europian Russia|16|19-29-30
RF5|Europian Russia|16|19-29-30
RF6|Europian Russia|16|19-29-30
RF7|Europian Russia|16|19-29-30
RF8|Asiatic Russia|16-19|21-27-30-33
RF9|Asiatic Russia|16-19|21-27-30-33
RF0|Asiatic Russia|16-19|21-27-30-33
RG1|Europian Russia|16|19-29-30
RG2|Europian Russia|16|19-29-30
RG3|Europian Russia|16|19-29-30
RG4|Europian Russia|16|19-29-30
RG5|Europian Russia|16|19-29-30
RG6|Europian Russia|16|19-29-30
RG7|Europian Russia|16|19-29-30
RG8|Asiatic Russia|16-19|21-27-30-33
RG9|Asiatic Russia|16-19|21-27-30-33
RG0|Asiatic Russia|16-19|21-27-30-33
RH1|Europian Russia|16|19-29-30
RH2|Europian Russia|16|19-29-30
RH3|Europian Russia|16|19-29-30
RH4|Europian Russia|16|19-29-30
RH5|Europian Russia|16|19-29-30
RH6|Europian Russia|16|19-29-30
RH7|Europian Russia|16|19-29-30
RH8|Asiatic Russia|16-19|21-27-30-33
RH9|Asiatic Russia|16-19|21-27-30-33
RH0|Asiatic Russia|16-19|21-27-30-33
RI1|Europian Russia|16|19-29-30
RI2|Europian Russia|16|19-29-30
RI3|Europian Russia|16|19-29-30
RI4|Europian Russia|16|19-29-30
RI5|Europian Russia|16|19-29-30
RI6|Europian Russia|16|19-29-30
RI7|Europian Russia|16|19-29-30
RI8|Asiatic Russia|16-19|21-27-30-33
RI9|Asiatic Russia|16-19|21-27-30-33
RI0|Asiatic Russia|16-19|21-27-30-33
RJ1|Europian Russia|16|19-29-30
RJ2|Europian Russia|16|19-29-30
RJ3|Europian Russia|16|19-29-30
RJ4|Europian Russia|16|19-29-30
RJ5|Europian Russia|16|19-29-30
RJ6|Europian Russia|16|19-29-30
RJ7|Europian Russia|16|19-29-30
RJ8|Asiatic Russia|16-19|21-27-30-33
RJ9|Asiatic Russia|16-19|21-27-30-33
RJ0|Asiatic Russia|16-19|21-27-30-33
RK1|Europian Russia|16|19-29-30
RK2|Europian Russia|16|19-29-30
RK3|Europian Russia|16|19-29-30
RK4|Europian Russia|16|19-29-30
RK5|Europian Russia|16|19-29-30
RK6|Europian Russia|16|19-29-30
RK7|Europian Russia|16|19-29-30
RK8|Asiatic Russia|16-19|21-27-30-33
RK9|Asiatic Russia|16-19|21-27-30-33
RK0|Asiatic Russia|16-19|21-27-30-33
RL1|Europian Russia|16|19-29-30
RL2|Europian Russia|16|19-29-30
RL3|Europian Russia|16|19-29-30
RL4|Europian Russia|16|19-29-30
RL5|Europian Russia|16|19-29-30
RL6|Europian Russia|16|19-29-30
RL7|Europian Russia|16|19-29-30
RL8|Asiatic Russia|16-19|21-27-30-33
RL9|Asiatic Russia|16-19|21-27-30-33
RL0|Asiatic Russia|16-19|21-27-30-33
RM1|Europian Russia|16|19-29-30
RM1V|Malyj Vysotskij Isl.|16|29
RM2|Europian Russia|16|19-29-30
RM3|Europian Russia|16|19-29-30
RM4|Europian Russia|16|19-29-30
RM5|Europian Russia|16|19-29-30
RM6|Europian Russia|16|19-29-30
RM7|Europian Russia|16|19-29-30
RM8|Asiatic Russia|16-19|21-27-30-33
RM9|Asiatic Russia|16-19|21-27-30-33
RM0|Asiatic Russia|16-19|21-27-30-33
RN1|Europian Russia|16|19-29-30
RN2|Europian Russia|16|19-29-30
RN3|Europian Russia|16|19-29-30
RN4|Europian Russia|16|19-29-30
RN5|Europian Russia|16|19-29-30
RN6|Europian Russia|16|19-29-30
RN7|Europian Russia|16|19-29-30
RN8|Asiatic Russia|16-19|21-27-30-33
RN9|Asiatic Russia|16-19|21-27-30-33
RN0|Asiatic Russia|16-19|21-27-30-33
RO1|Europian Russia|16|19-29-30
RO2|Europian Russia|16|19-29-30
RO3|Europian Russia|16|19-29-30
RO4|Europian Russia|16|19-29-30
RO5|Europian Russia|16|19-29-30
RO6|Europian Russia|16|19-29-30
RO7|Europian Russia|16|19-29-30
RO8|Asiatic Russia|16-19|21-27-30-33
RO9|Asiatic Russia|16-19|21-27-30-33
RO0|Asiatic Russia|16-19|21-27-30-33
RP1|Europian Russia|16|19-29-30
RP2|Europian Russia|16|19-29-30
RP3|Europian Russia|16|19-29-30
RP4|Europian Russia|16|19-29-30
RP5|Europian Russia|16|19-29-30
RP6|Europian Russia|16|19-29-30
RP7|Europian Russia|16|19-29-30
RP8|Asiatic Russia|16-19|21-27-30-33
RP9|Asiatic Russia|16-19|21-27-30-33
RP0|Asiatic Russia|16-19|21-27-30-33
RQ1|Europian Russia|16|19-29-30
RQ2|Europian Russia|16|19-29-30
RQ3|Europian Russia|16|19-29-30
RQ4|Europian Russia|16|19-29-30
RQ5|Europian Russia|16|19-29-30
RQ6|Europian Russia|16|19-29-30
RQ7|Europian Russia|16|19-29-30
RQ8|Asiatic Russia|16-19|21-27-30-33
RQ9|Asiatic Russia|16-19|21-27-30-33
RQ0|Asiatic Russia|16-19|21-27-30-33
RR1|Europian Russia|16|19-29-30
RR2|Europian Russia|16|19-29-30
RR3|Europian Russia|16|19-29-30
RR4|Europian Russia|16|19-29-30
RR5|Europian Russia|16|19-29-30
RR6|Europian Russia|16|19-29-30
RR7|Europian Russia|16|19-29-30
RR8|Asiatic Russia|16-19|21-27-30-33
RR9|Asiatic Russia|16-19|21-27-30-33
RR0|Asiatic Russia|16-19|21-27-30-33
RS1|Europian Russia|16|19-29-30
RS2|Europian Russia|16|19-29-30
RS3|Europian Russia|16|19-29-30
RS4|Europian Russia|16|19-29-30
RS5|Europian Russia|16|19-29-30
RS6|Europian Russia|16|19-29-30
RS7|Europian Russia|16|19-29-30
RS8|Asiatic Russia|16-19|21-27-30-33
RS9|Asiatic Russia|16-19|21-27-30-33
RS0|Asiatic Russia|16-19|21-27-30-33
RT1|Europian Russia|16|19-29-30
RT2|Europian Russia|16|19-29-30
RT3|Europian Russia|16|19-29-30
RT4|Europian Russia|16|19-29-30
RT5|Europian Russia|16|19-29-30
RT6|Europian Russia|16|19-29-30
RT7|Europian Russia|16|19-29-30
RT8|Asiatic Russia|16-19|21-27-30-33
RT9|Asiatic Russia|16-19|21-27-30-33
RT0|Asiatic Russia|16-19|21-27-30-33
RU1|Europian Russia|16|19-29-30
RU2|Europian Russia|16|19-29-30
RU3|Europian Russia|16|19-29-30
RU4|Europian Russia|16|19-29-30
RU5|Europian Russia|16|19-29-30
RU6|Europian Russia|16|19-29-30
RU7|Europian Russia|16|19-29-30
RU8|Asiatic Russia|16-19|21-27-30-33
RU9|Asiatic Russia|16-19|21-27-30-33
RU0|Asiatic Russia|16-19|21-27-30-33
RV1|Europian Russia|16|19-29-30
RV2|Europian Russia|16|19-29-30
RV3|Europian Russia|16|19-29-30
RV4|Europian Russia|16|19-29-30
RV5|Europian Russia|16|19-29-30
RV6|Europian Russia|16|19-29-30
RV7|Europian Russia|16|19-29-30
RV8|Asiatic Russia|16-19|21-27-30-33
RV9|Asiatic Russia|16-19|21-27-30-33
RV0|Asiatic Russia|16-19|21-27-30-33
RW1|Europian Russia|16|19-29-30
RW2|Kaliningrad|15|29
RW3|Europian Russia|16|19-29-30
RW4|Europian Russia|16|19-29-30
RW5|Europian Russia|16|19-29-30
RW6|Europian Russia|16|19-29-30
RW7|Europian Russia|16|19-29-30
RW8|Asiatic Russia|16-19|21-27-30-33
RW9|Asiatic Russia|16-19|21-27-30-33
RW0|Asiatic Russia|16-19|21-27-30-33
RX1|Europian Russia|16|19-29-30
RX2|Europian Russia|16|19-29-30
RX3|Europian Russia|16|19-29-30
RX4|Europian Russia|16|19-29-30
RX5|Europian Russia|16|19-29-30
RX6|Europian Russia|16|19-29-30
RX7|Europian Russia|16|19-29-30
RX8|Asiatic Russia|16-19|21-27-30-33
RX9|Asiatic Russia|16-19|21-27-30-33
RX0|Asiatic Russia|16-19|21-27-30-33
RY1|Europian Russia|16|19-29-30
RY2|Europian Russia|16|19-29-30
RY3|Europian Russia|16|19-29-30
RY4|Europian Russia|16|19-29-30
RY5|Europian Russia|16|19-29-30
RY6|Europian Russia|16|19-29-30
RY7|Europian Russia|16|19-29-30
RY8|Asiatic Russia|16-19|21-27-30-33
RY9|Asiatic Russia|16-19|21-27-30-33
RY0|Asiatic Russia|16-19|21-27-30-33
RZ1|Europian Russia|16|19-29-30
RZ2|Europian Russia|16|19-29-30
RZ3|Europian Russia|16|19-29-30
RZ4|Europian Russia|16|19-29-30
RZ5|Europian Russia|16|19-29-30
RZ6|Europian Russia|16|19-29-30
RZ7|Europian Russia|16|19-29-30
RZ8|Asiatic Russia|16-19|21-27-30-33
RZ9|Asiatic Russia|16-19|21-27-30-33
RZ0|Asiatic Russia|16-19|21-27-30-33
S0|Western Sahara|33|46
S2|Bangladesh|22|41
S3|Bangladesh|22|41
S4|South Africa|38|57
S5|Slovenia|15|28
S6|Singapore|28|54
S7|Seychelles|39|53
S8|South Africa|38|57
S9|Sao Tome & Principe|36|47
Sa|Sweden|15|28
SB|Sweden|15|28
SC|Sweden|15|28
SD|Sweden|15|28
SE|Sweden|15|28
SF|Sweden|15|28
SG|Sweden|15|28
SH|Sweden|15|28
SI|Sweden|15|28
SJ|Sweden|15|28
SK|Sweden|15|28
SL|Sweden|15|28
SM|Sweden|15|28
SN|Poland|15|28
SO|Poland|15|28
SP|Poland|15|28
SQ|Poland|15|28
SR|Poland|15|28
SSA|Egypt|34|38
SSB|Egypt|34|38
SSC|Egypt|34|38
SSD|Egypt|34|38
SSE|Egypt|34|38
SSF|Egypt|34|38
SSG|Egypt|34|38
SSH|Egypt|34|38
SSI|Egypt|34|38
SSJ|Egypt|34|38
SSK|Egypt|34|38
SSL|Egypt|34|38
SSM|Egypt|34|38
SSN|Sudan|34|48
SSO|Sudan|34|48
SSP|Sudan|34|48
SSQ|Sudan|34|48
SSR|Sudan|34|48
SSS|Sudan|34|48
SST|Sudan|34|48
SSU|Sudan|34|48
SSV|Sudan|34|48
SSW|Sudan|34|48
SSX|Sudan|34|48
SSY|Sudan|34|48
SSZ|Sudan|34|48
ST|Sudan|34|48
ST0|Southern Sudan|34|47
SU|Egypt|34|38
SV1|Greece|20|28
SV2|Greece|20|28
SV2A|Mount Athos|20|28
SV3|Greece|20|28
SV4|Greece|20|28
SV5|Dodecanese| 20 28
SV6|Greece|20|28
SV7|Greece|20|28
SV8|Greece|20|28
SV9|Crete|20|28
SV0|Greece|20|28
SV/A|Mt Athos|20|28
SW|Greece|20|28
SX|Greece|20|28
SY|Mount Athos|20|28
SZ|Greece|20|28
T2|Tuvalu|31|65
T30|West Kiribati|31|65
T31|Cent. Kiribati|31|62
T32|East Kiribati|31|61-62-63
T33|Banaba Isl.|31|65
T4|Cuba|08|11
T5|Somalia|37|48
T7|San Marino|15|28
T8|Palau|27|64
T9|Bosnia & Herzegovina|15|28
TA|Turkey|20|39
TB|Turkey|20|39
TC|Turkey|20|39
TD|Guatemala|07|11
TE|Costa Rica|07|11
TF|Iceland|40|17
TG|Guatemala|07|11
TH|France|14|27
TI|Costa Rica|07|11
TI9|Cocos Isl.|07|11
TJ|Cameroon|36|47
TK|Corsica|15|28
TL|Central African Republic|36|47
TM|France|14|27
TN|Congo|36|52
TO|Guadeloupe|08|11
To1|Glorioso Isl.|39|53
TP|France|14|27
TQ|France|14|27
TR|Gabon|36|52
TT|Chad|36|47
TU|Ivory Coast|35|46
TV|France|14|27
TW|France|14|27
TX|Chesterfield Isl.|30|55
TX1|Marquesas Isl.|31|63
TX1|Austral Isl.|32|63
TY|Benin|35|46
TZ|Mali|35|46
U1|Europian Russia|16|19-29-30
U2|Europian Russia|16|19-29-30
U3|Europian Russia|16|19-29-30
U4|Europian Russia|16|19-29-30
U5|Europian Russia|16|19-29-30
U6|Europian Russia|16|19-29-30
U7|Europian Russia|16|19-29-30
U8|Asiatic Russia|16-18-19|21-27-30-33
U9|Asiatic Russia|16-17-19|21-27-30-33
u0|Asiatic Russia|16-17-18-19|21-27-30-33
UA1|Europian Russia|16|19-29-30
UA2|Kaliningrad|15|29
UA3|Europian Russia|16|19-29-30
UA4|Europian Russia|16|19-29-30
UA5|Europian Russia|16|19-29-30
UA6|Europian Russia|16|19-29-30
UA7|Europian Russia|16|19-29-30
UA8|Asiatic Russia|16-18-19|21-27-30-33
UA9|Asiatic Russia|16-18-19|21-27-30-33
UA0|Asiatic Russia|16-18-19|21-27-30-33
UB1|Europian Russia|16|19-29-30
UB2|Europian Russia|16|19-29-30
UB3|Europian Russia|16|19-29-30
UB4|Europian Russia|16|19-29-30
UB5|Europian Russia|16|19-29-30
UB6|Europian Russia|16|19-29-30
UB7|Europian Russia|16|19-29-30
UB8|Asiatic Russia|16-18-19|21-27-30-33
UB9|Asiatic Russia|16-18-19|21-27-30-33
UB0|Asiatic Russia|16-18-19|21-27-30-33
UC1|Europian Russia|16|19-29-30
UC2|Europian Russia|16|19-29-30
UC3|Europian Russia|16|19-29-30
UC4|Europian Russia|16|19-29-30
UC5|Europian Russia|16|19-29-30
UC6|Europian Russia|16|19-29-30
UC7|Europian Russia|16|19-29-30
UC8|Asiatic Russia|16-18-19|21-27-30-33
UC9|Asiatic Russia|16-18-19|21-27-30-33
UC0|Asiatic Russia|16-18-19|21-27-30-33
UD1|Europian Russia|16|19-29-30
UD2|Europian Russia|16|19-29-30
UD3|Europian Russia|16|19-29-30
UD4|Europian Russia|16|19-29-30
UD5|Europian Russia|16|19-29-30
UD6|Europian Russia|16|19-29-30
UD7|Europian Russia|16|19-29-30
UD8|Asiatic Russia|16-18-19|21-27-30-33
UD9|Asiatic Russia|16-18-19|21-27-30-33
UD0|Asiatic Russia|16-18-19|21-27-30-33
UE1|Europian Russia|16|19-29-30
UE2|Europian Russia|16|19-29-30
UE3|Europian Russia|16|19-29-30
UE4|Europian Russia|16|19-29-30
UE5|Europian Russia|16|19-29-30
UE6|Europian Russia|16|19-29-30
UE7|Europian Russia|16|19-29-30
UE8|Asiatic Russia|16-18-19|21-27-30-33
UE9|Asiatic Russia|16-18-19|21-27-30-33
UE0|Asiatic Russia|16-18-19|21-27-30-33
UF1|Europian Russia|16|19-29-30
UF2|Europian Russia|16|19-29-30
UF3|Europian Russia|16|19-29-30
UF4|Europian Russia|16|19-29-30
UF5|Europian Russia|16|19-29-30
UF6|Europian Russia|16|19-29-30
UF7|Europian Russia|16|19-29-30
UF8|Asiatic Russia|16-18-19|21-27-30-33
UF9|Asiatic Russia|16-18-19|21-27-30-33
UF0|Asiatic Russia|16-18-19|21-27-30-33
UG1|Europian Russia|16|19-29-30
UG2|Europian Russia|16|19-29-30
UG3|Europian Russia|16|19-29-30
UG4|Europian Russia|16|19-29-30
UG5|Europian Russia|16|19-29-30
UG6|Europian Russia|16|19-29-30
UG7|Europian Russia|16|19-29-30
UG8|Asiatic Russia|16-18-19|21-27-30-33
UG9|Asiatic Russia|16-18-19|21-27-30-33
UG0|Asiatic Russia|16-18-19|21-27-30-33
UH|Turkmenistan|17|30
UI1|Europian Russia|16|19-29-30
UI2|Europian Russia|16|19-29-30
UI3|Europian Russia|16|19-29-30
UI4|Europian Russia|16|19-29-30
UI5|Europian Russia|16|19-29-30
UI6|Europian Russia|16|19-29-30
UI7|Europian Russia|16|19-29-30
UI8|Asiatic Russia|16-18-19|21-27-30-33
UI9|Asiatic Russia|16-18-19|21-27-30-33
UI0|Asiatic Russia|16-18-19|21-27-30-33
UJ|Tadzhikistan|17|30
UK|Uzbekistan|17|30
UL|Uzbekistan|17|30
UM|Uzbekistan|17|30
UN|Kazakhstan|17|29-31
UN1|Karelo-finnish Rep.|16|19
UO|Kazakhstan|17|29-31
UP|Kazakhstan|17|29-31
UQ|Kazakhstan|17|29-31
UR|Ukraine|16|29
US|Ukraine|16|29
UT|Ukraine|16|29
UU|Ukraine|16|29
UV|Ukraine|16|29
UW|Ukraine|16|29
UX|Ukraine|16|29
UY|Ukraine|16|29
UZ|Ukraine|16|29
V2|Antigua & Barbuda|08|11
V3|Belize|07|11
V4|St. Kits & Nevis|08|11
V5|Namibia|38|57
V6|Micronesia|27|65
V7|Marshall Isl.|31|65
V8|Brunei|28|54
V9|South Africa|38|57
VA|Canada|05|02
VB|Canada|05|02
VC|Canada|05|02
VD|Canada|05|02
VE|Canada|05|02
VG|Canada|05|02
VK1|Australia|29-30|55-58-59
VK2|Australia|29-30|55-58-59
VK3|Australia|29-30|55-58-59
VK4|Australia|29-30|55-58-59
VK5|Australia|29-30|55-58-59
VK6|Australia|29-30|55-58-59
VK7|Australia|29-30|55-58-59
VK8|Australia|29-30|55-58-59
VK9C|Cocos Keeling Isl.|29|54
VK9L|Lord Howe Isl.|30|60
VK9M|Mellish Reef|30|56
VK9N|Norfolk Isl.|32|60
VK9W|Willis Isl.|30|55
VK9X|Christmas Isl.|29|54
VK0|Heard Isl.|39|68
VK0|Macquarie Isl.|30|60
Vo|Canada|05|02
VP|England|14|27
VP2E|Anguilla|08|11
VP2M|Montserrat|08|11
VP2V|Brit. Virgin Isl.|08|11
VP5|Turks & Caicos Isl.|08|11
VP6|Pitcairn Isl.|32 63
VP8|Falkland Isl.|13|16
VP8|South Georgia Isl.|13|73
VP8|South Orkney Isl.|13|73
VP9|Bermuda|05|11
VQ|England|14|27
VQ1|Zanzibar|37|53
VQ6|British Somali|37|48
VQ9|Aldabra|39|53
VQ9|Chagos|39|41
VQ9|Desroches|39|53
VQ9|Farquhar|39|53
VR|China|24|33
VR2|Hong Kong|24|44
VS|England|14|27
VS2|British N. Boreno|28|54
VS2|Malaya|28|54
VS4|British N. Boreno|28|54
VS4|Sarawak|28|54
VS6|Hong Kong|24|44
VS9A|Yemen|21|39
VS9H|Kuria Muria Isl.21|39
VS9K|Kamaran Isl.|21|39
VS9P|Yemen|21|39
VS9S|Yemen|21|39
VT|India|22|41
VU1|India|22|41
VU2|India|22|41
VU3|India|22|41
VU4|Andaman & Nicobar Isl.|26 49
VU5|India|22|41
VU6|India|22|41
VU7|Laccadive Isl.|22|41
VU8|India|22|41
VU9|India|22|41
VU0|India|22|41
VV|India|22|41
VW|India|22|41
VX|Canada|05|02
VY|Canada|05|02
W1|USA|03-05|06-08
W2|USA|03-05|06-08
W3|USA|03-05|06-08
W4|USA|03-05|06-08
W5|USA|03-05|06-08
W6|USA|03-05|06-08
W7|USA|03-05|06-08
W8|USA|03-05|06-08
W9|USA|03-05|06-08
W0|USA|03-05|06-08
Wa|USA|03-05|06-08
WB|USA|03-05|06-08
WC|USA|03-05|06-08
WD|USA|03-05|06-08
WE|USA|03-05|06-08
WF|USA|03-05|06-08
WG|USA|03-05|06-08
WH|USA|03-05|06-08
WH8S|Swains Isl.|32|62
WI|USA|03-05|06-08
WJ|USA|03-05|06-08
WK|USA|03-05|06-08
WL|Alaska|01|01-02
WM|USA|03-05|06-08
WN|USA|03-05|06-08
WO|USA|03-05|06-08
WP|USA|03-05|06-08
WP1Navassa Isl.|08|11
WQ|USA|03-05|06-08
WR|USA|03-05|06-08
WS|USA|03-05|06-08
WT|USA|03-05|06-08
WU|USA|03-05|06-08
WV|USA|03-05|06-08
WW|USA|03-05|06-08
WX|USA|03-05|06-08
WY|USA|03-05|06-08
WZ|USA|03-05|06-08
XA0|Mexico|06|10
XA1|Mexico|06|10
XA2|Mexico|06|10
XA3|Mexico|06|10
XA4|Revilla Gigedo|06|10
XB|Mexico|06|10
XC|Mexico|06|10
XD|Mexico|06|10
XEMexico|06|10
XF|Mexico|06|10
XG|Mexico|06|10
XH|Mexico|06|10
XI|Mexico|06|10
XJ|Canada|05|02
XK|Canada|05|02
XL|Canada|05|02
XM|Canada|05|02
XN|Canada|05|02
XO|Canada|05|02
XQ|Chile|12|14
XR|Chile|12|14
XS|China|24|33
XT|Burkino Fasso|35|46
XU|Cambodia|26|49
XV|Vietnam|26|49
XV9|Spratly Isl.|26|50
XW|Laos|26|49
XX9|Macao|24|44
XY|Myanmar|26|49
XZ|Myanmar|26|49
Y2|Germany|14|28
Y3|Germany|14|28
Y4|Germany|14|28
Y5|Germany|14|28
Y6|Germany|14|28
Y7|Germany|14|28
Y8|Germany|14|28
Y9|Germany|14|28
YA|Afghanistan|21|40
YB|Indonesia|28|51
YC|Indonesia|28|51
YD|Indonesia|28|51
YE|Indonesia|28|51
YF|Indonesia|28|51
YG|Indonesia|28|51
YH|Indonesia|28|51
YI|Iraq|21|39
YJ|Vanuatu|32|56
YK|Syria|20|39
YL|Latvia|15|29
YM|Turkey|20|39
YN|Nicaragua|07|11
YO|Romania|20|28
YP|Romania|20|28
YQ|Romania|20|28
YR|Romania|20|28
YS|ElSalvador|07|11
YT|Serbia|15|28
YU|Serbia|15|28
YV|Venezuela|09|12
YV0|Aves Isl.|08|11
YW|Venezuela|09|12
YX|Venezuela|09|12
YY|Venezuela|09|12
YZ|Serbia|15|28
Z2|Zimbabwe|38|53
Z3|Macedonia|15|28
Z5|Republic of Kosovo|15|28
Z6|Republic of Kosovo|15|28
Z8|South Sudan|34|48
ZA|Albania|15|28
ZB|Gibraltar|14|37
ZB2|Gibraltar|14|37
ZC4|British Sov. Base on Cyprus|20|39
ZC5|British N. Boreno|28|54
ZC6|Palestine|20|39
ZD|England|14|27
ZD4|Gold Coast, Togoland|35|46
ZD7|St.Helena|36|66
ZD8|Ascension Isl.|36|66
ZD9|Tristan Da Cunha & Gough Isl.|38|66
ZE|England|14|27
ZF|Cayman Isl.|08|11
ZG|England|14|27
ZH|England|14|27
ZI|England|14|27
ZJ|England|14|27
ZK|New Zealand|32|60
ZK1N|Norht Cook Isl.|32|62
ZK2|Niue|32|62
ZK3|Tokelau Isl.|31|62
ZL|New Zealand|32|60
ZL7|Chatham Isl.|32|60
ZL8|Kermadec Isl.|32|60
ZL9|Auckland & Campbell Isl.|32|60
ZM|New Zealand|32|60
ZN|England|14|27
ZO|England|14|27
ZP|Paraguay|11|14
ZQ|England|14|27
ZR|South Africa|38|57
ZS|South Africa|38|57
ZS0|Penguin Isl.|38|57
ZS1|South Africa|38|57
ZS2|South Africa|38|57
ZS3|South Africa|38|57
ZS4|South Africa|38|57
ZS5|South Africa|38|57
ZS6|South Africa|38|57
ZS7|South Africa|38|57
ZS8|Marion & Pr. Edward Isl.|38|57
ZS9|Walvis Bay|38|57
ZT|South Africa|38|57
ZU|South Africa|38|57
ZV|Brazil|11|12
ZW|Brazil|11|12
ZX|Brazil|11|12
ZY|Brazil|11|12
ZZ|Brazil|11|12